month,feature,horizon_minutes,n,beta_bps_per_unit,hac_t,hac_p,r2
2023-05,bt_imbalance_close,1,21659,0.4427673204853698,8.889840167549279,6.119687438901426e-19,0.0038267541592847953
2023-06,bt_imbalance_close,1,43200,0.6507158550043434,14.123976452919042,2.7029859148939098e-45,0.004684788418698016
2023-07,bt_imbalance_close,1,44640,0.6235429979725122,19.621583077635265,1.0115354992491781e-85,0.008510586671884202
2023-08,bt_imbalance_close,1,44640,0.5206207800661218,9.95390655008527,2.4247365605580494e-23,0.0032243962315288144
2023-09,bt_imbalance_close,1,42752,0.6661303499369446,19.563016846314166,3.195969607097309e-85,0.009211874399858044
2023-10,bt_imbalance_close,1,44639,0.6852819427560006,12.710870475774021,5.1458416908426205e-37,0.00388728671045957
2023-11,bt_imbalance_close,1,43200,0.5882151245151889,13.670253125509683,1.5286251657332443e-42,0.004421555413576472
2023-12,bt_imbalance_close,1,44624,0.6578301449638478,14.623376297538123,1.9926824603373018e-48,0.004574411142414192
2023-05,bt_imbalance_twap,1,21659,0.09508964531811179,1.370942274413864,0.1703929516533328,4.857147361392311e-05
2023-06,bt_imbalance_twap,1,43200,0.15516380963316348,2.175991213044735,0.029555917604036083,5.2583786325333115e-05
2023-07,bt_imbalance_twap,1,44640,0.3350846384606777,8.59215691450607,8.535171746789848e-18,0.000772270291969801
2023-08,bt_imbalance_twap,1,44640,0.4152136197953305,8.75022760398407,2.129228628993175e-18,0.0008187398898139575
2023-09,bt_imbalance_twap,1,42752,0.309431423239127,8.077733219972204,6.59817575820749e-16,0.0007297410624113043
2023-10,bt_imbalance_twap,1,44639,0.30370837056586514,5.2282062734195955,1.711624884559634e-07,0.00019607161509205273
2023-11,bt_imbalance_twap,1,43200,0.20632041940400705,3.253820384647741,0.0011386424845313769,0.00011511005720088452
2023-12,bt_imbalance_twap,1,44624,0.3008024982025545,4.064807556941159,4.807211008021137e-05,0.00020706620101640372
2023-05,bt_microprice_premium_close,1,21659,197007.01213019656,5.614467340612165,1.9716866330849287e-08,0.003143909855246263
2023-06,bt_microprice_premium_close,1,43200,33173.13792641935,0.22025703374486683,0.825670980552698,9.867981760769418e-05
2023-07,bt_microprice_premium_close,1,44640,115269.52024840032,1.0675314473433186,0.2857319209379814,0.0015165932113897496
2023-08,bt_microprice_premium_close,1,44640,-139243.19926585682,-0.5796004301791378,0.5621841028749053,0.0012289968809492402
2023-09,bt_microprice_premium_close,1,42752,297974.9380521717,8.351069193964708,6.76477743976559e-17,0.009006983838632188
2023-10,bt_microprice_premium_close,1,44639,-175998.50611684733,-2.296571345234414,0.02164323485150881,0.0073220336393530205
2023-11,bt_microprice_premium_close,1,43200,286001.27582249977,3.027624885290158,0.0024648384309660966,0.011555700568103844
2023-12,bt_microprice_premium_close,1,44624,117851.18902054666,0.9259387055623622,0.3544778350513257,0.0004917710355326621
2023-05,bt_imbalance_close,5,21651,0.42013492140431524,3.9464307362591327,7.93248551224148e-05,0.000752050804389115
2023-06,bt_imbalance_close,5,43200,0.7891145073539079,7.640548337199747,2.1629857247169574e-14,0.001420693756852276
2023-07,bt_imbalance_close,5,44640,0.6521841060295026,8.931788998210386,4.191743949209641e-19,0.002142241328934036
2023-08,bt_imbalance_close,5,44640,0.609457321567086,5.936173902472867,2.917503418573172e-09,0.0009072668433808273
2023-09,bt_imbalance_close,5,42743,0.4799137994488537,6.11293775465019,9.781353070744244e-10,0.0010356448015735875
2023-10,bt_imbalance_close,5,44635,0.5826371517782755,3.99137603348247,6.569102416299897e-05,0.0005551168891779756
2023-11,bt_imbalance_close,5,43200,0.589971581556122,6.335619299318321,2.3638982138475253e-10,0.0009508292279531982
2023-12,bt_imbalance_close,5,44614,0.5813048736561635,6.003597382044717,1.929929236789151e-09,0.0007861596223983636
2023-05,bt_imbalance_twap,5,21651,-0.12117682354709688,-0.7052928200407168,0.48062802775335434,1.7212708152358758e-05
2023-06,bt_imbalance_twap,5,43200,0.08494161238574442,0.46770844220869884,0.6399931030634123,3.2495647898089786e-06
2023-07,bt_imbalance_twap,5,44640,0.17219124653920667,1.675572220529029,0.09382201389202194,4.692277822759827e-05
2023-08,bt_imbalance_twap,5,44640,0.5754677693507372,5.618985123155369,1.9208239316594167e-08,0.00032291469765710623
2023-09,bt_imbalance_twap,5,42743,0.009055487274995777,0.09179856415680422,0.9268580848834793,1.3539386678473875e-07
2023-10,bt_imbalance_twap,5,44635,0.2383150173800558,1.4624203787799044,0.14362604837148338,2.3849092473215983e-05
2023-11,bt_imbalance_twap,5,43200,-0.019046190334953878,-0.11408165784604667,0.9091730622064316,2.0969241709689612e-07
2023-12,bt_imbalance_twap,5,44614,-0.09290650060550072,-0.5192910481541623,0.6035577949656044,4.3473078711331326e-06
2023-05,bt_microprice_premium_close,5,21651,163109.87008358559,2.4154122569833434,0.015717408856213404,0.0004704124504880669
2023-06,bt_microprice_premium_close,5,43200,68047.49777101296,0.36428037116893147,0.7156486559383946,8.562345771589985e-05
2023-07,bt_microprice_premium_close,5,44640,222609.99469789234,2.476783899640088,0.013257214340013503,0.0013014597513565374
2023-08,bt_microprice_premium_close,5,44640,-304226.8694888922,-0.596383824154402,0.5509188441437605,0.0012045947497457687
2023-09,bt_microprice_premium_close,5,42743,320989.8890254996,5.391927172103629,6.970602053491391e-08,0.0022640625256589164
2023-10,bt_microprice_premium_close,5,44635,-192431.84461530778,-2.162047897671818,0.03061448443801557,0.001729330129387363
2023-11,bt_microprice_premium_close,5,43200,303069.52450891404,2.4084035289845986,0.01602246022155144,0.002773847075022484
2023-12,bt_microprice_premium_close,5,44614,-51707.447335535944,-0.24808327223757878,0.8040699779513016,2.0837896944958523e-05
2023-05,bt_imbalance_close,10,21646,0.27117920361055053,1.811923291246113,0.0699980499896121,0.00016229881570684057
2023-06,bt_imbalance_close,10,43200,0.6406921600352952,4.285510392449924,1.8232012441802465e-05,0.0004957893051351636
2023-07,bt_imbalance_close,10,44640,0.6555696203703477,6.743247799368229,1.548847150293211e-11,0.001153176494875452
2023-08,bt_imbalance_close,10,44640,0.5342907740252418,3.5201321537699415,0.00043133182879866763,0.00037291201398148566
2023-09,bt_imbalance_close,10,42733,0.4057452752249363,3.5890925826829227,0.0003318309879322068,0.00037844894303895593
2023-10,bt_imbalance_close,10,44630,0.4777296675248393,2.238651354505203,0.025178610010612792,0.00020553444139659316
2023-11,bt_imbalance_close,10,43200,0.5541651565191937,4.274293866742166,1.9174400427769952e-05,0.00044013448672086675
2023-12,bt_imbalance_close,10,44610,0.7825223292962286,5.89270782676594,3.799178125320412e-09,0.0007393888861926268
2023-05,bt_imbalance_twap,10,21646,0.023640601264053686,0.08799647505930125,0.929879477770872,3.394677485779596e-07
2023-06,bt_imbalance_twap,10,43200,0.18388345056342206,0.643733641457042,0.5197481709077977,8.062085628979254e-06
2023-07,bt_imbalance_twap,10,44640,0.25972049590505836,1.678927819959043,0.09316611189438172,5.6872745580305306e-05
2023-08,bt_imbalance_twap,10,44640,0.6020336620013939,4.129917331398405,3.6289369996351195e-05,0.00018901224304612718
2023-09,bt_imbalance_twap,10,42733,-0.20566080048122082,-1.3840309908614021,0.1663489655648951,3.5700775778524374e-05
2023-10,bt_imbalance_twap,10,44630,0.27972440822457834,1.2397942346365793,0.21505151123247956,1.809614676107074e-05
2023-11,bt_imbalance_twap,10,43200,0.14642906959775615,0.5726690968655627,0.5668687653491551,6.5026102038512335e-06
2023-12,bt_imbalance_twap,10,44610,0.5525697538166833,2.0857475774337737,0.03700149426150845,7.981526728639832e-05
2023-05,bt_microprice_premium_close,10,21646,91687.54925066192,1.1830703267072036,0.23678127676514527,7.700060988147239e-05
2023-06,bt_microprice_premium_close,10,43200,47835.441016310404,0.39354799230841236,0.6939147847783824,2.2399892005919853e-05
2023-07,bt_microprice_premium_close,10,44640,210878.11794150705,1.8066305738244004,0.07081989914990626,0.0006222066188789066
2023-08,bt_microprice_premium_close,10,44640,-314863.67291931243,-0.5679940424275522,0.5700390132608211,0.0006900706020855907
2023-09,bt_microprice_premium_close,10,42733,317554.4349454174,3.9895911316640356,6.618728664535308e-05,0.0011328938587674697
2023-10,bt_microprice_premium_close,10,44630,-177524.15536364258,-1.6213170909812922,0.10494965146891695,0.0008106316191476282
2023-11,bt_microprice_premium_close,10,43200,220243.0433772712,1.809734059001454,0.07033703810377205,0.000768544480102773
2023-12,bt_microprice_premium_close,10,44610,-134731.75617664796,-0.5581148103438911,0.576765987912206,7.342969431745061e-05
2023-05,bt_imbalance_close,30,21626,0.3072596751302338,1.0036566896897354,0.3155441196309573,7.083518100881037e-05
2023-06,bt_imbalance_close,30,43200,0.2770094336757817,0.9996262890918303,0.3174913958549278,3.0853038062050864e-05
2023-07,bt_imbalance_close,30,44640,0.631425546770033,3.664613945592366,0.00024771194079512595,0.00037368707390184053
2023-08,bt_imbalance_close,30,44640,0.48432980954899,1.9224369858649386,0.05455079544898984,0.00011405852967194541
2023-09,bt_imbalance_close,30,42704,0.19062384496933094,0.9287470745887765,0.3530201784470737,2.890483737616467e-05
2023-10,bt_imbalance_close,30,44610,0.9010555098901096,3.672593326236043,0.0002401014211488948,0.0002873658631030729
2023-11,bt_imbalance_close,30,43200,0.5387454880726252,2.495448281909303,0.01257980919861698,0.00014855884292408472
2023-12,bt_imbalance_close,30,44584,0.6844093130847575,2.9367632864975097,0.0033165715514215494,0.00020480498210218023
2023-05,bt_imbalance_twap,30,21626,0.6299518214141668,1.1289488207235627,0.2589194241414866,8.193009540802265e-05
2023-06,bt_imbalance_twap,30,43200,-0.14550092966574815,-0.2680147526947651,0.7886879630264472,1.6803669654619213e-06
2023-07,bt_imbalance_twap,30,44640,0.26715762399527404,0.880832640111917,0.37840841040227946,2.1019991115367453e-05
2023-08,bt_imbalance_twap,30,44640,-0.17491300839765525,-0.5153125609981775,0.606334622832951,5.938639312419447e-06
2023-09,bt_imbalance_twap,30,42704,-0.450223248751565,-1.5314962359704052,0.12564679598549836,5.917605642458135e-05
2023-10,bt_imbalance_twap,30,44610,0.04403950452627567,0.09165230549492302,0.9269742925221668,1.7627249104812392e-07
2023-11,bt_imbalance_twap,30,43200,-0.03505094007018983,-0.06857051177061489,0.9453314917988889,1.3306281465563785e-07
2023-12,bt_imbalance_twap,30,44584,0.9128496376236633,1.8949089031692605,0.0581044714586808,7.89029853529577e-05
2023-05,bt_microprice_premium_close,30,21626,113846.33537932299,0.7596370935129635,0.44747154025788227,4.036884176017441e-05
2023-06,bt_microprice_premium_close,30,43200,36736.44112857025,0.3387897290312643,0.7347681392442302,4.3979572561525515e-06
2023-07,bt_microprice_premium_close,30,44640,158792.55350137287,0.8868647563877945,0.3751517183838188,0.0001232359716384357
2023-08,bt_microprice_premium_close,30,44640,-201018.1978347419,-0.3555592174134541,0.7221706900018079,0.00010469200230389664
2023-09,bt_microprice_premium_close,30,42704,57452.7667513073,0.47514540524200854,0.6346833371304579,1.2834291976404621e-05
2023-10,bt_microprice_premium_close,30,44610,52839.436551456885,0.1849241167404052,0.853288554792143,2.8234944263738626e-05
2023-11,bt_microprice_premium_close,30,43200,291554.38153260865,2.9019421761151296,0.0037085698749774803,0.0004809810897671296
2023-12,bt_microprice_premium_close,30,44584,-302137.60893703194,-0.9968557500094409,0.3188345329526501,0.000133768094186415
