sample,horizon_minutes,feature,n,pearson_r,pearson_p_naive,spearman_rho,spearman_p_naive,beta_logret_per_unit,beta_bps_per_unit,ols_p_naive,hac_t,hac_p,r2,offsets_used,nonoverlap_beta_median,nonoverlap_beta_min,nonoverlap_beta_max,nonoverlap_positive_fraction,nonoverlap_p_median,nonoverlap_n_median,bootstrap_reps,block_length,bootstrap_sample_rows,beta_median,beta_ci_low_95,beta_ci_high_95,p_sign_two_sided,hac_q_bh
development,1,bt_imbalance_close,241530,0.07021932319504978,1.3184757456368461e-261,0.12717152874430432,0.0,6.124628461714949e-05,0.6124628461714948,1.3184757456379581e-261,32.54441895571894,2.511298126540135e-232,0.004930753349970618,1,6.124628461714949e-05,6.124628461714949e-05,6.124628461714949e-05,1.0,1.3184757456379581e-261,241530.0,500,240,241680,6.130710076088236e-05,5.7061313426680146e-05,6.54968662755648e-05,0.0,3.013557751848162e-231
development,1,bt_imbalance_twap,241530,0.019210936650571893,3.651306441732589e-21,0.03706982355833259,3.3051682522348273e-74,3.044435476657547e-05,0.3044435476657547,3.6513064417333105e-21,14.726604599394262,4.350200701347667e-49,0.00036906008699222337,1,3.044435476657547e-05,3.044435476657547e-05,3.044435476657547e-05,1.0,3.6513064417333105e-21,241530.0,500,240,241680,3.058533866514457e-05,2.6696999389021537e-05,3.431025227378229e-05,0.0,2.6101204208086e-48
development,1,bt_microprice_premium_close,241530,-0.021903567316451718,4.9873154258598514e-27,0.1263897705558125,0.0,-6.02750512277089,-60275.0512277089,4.9873154258597926e-27,-0.9276346202041884,0.35359713301570617,0.00047976626118606536,1,-6.02750512277089,-6.02750512277089,-6.02750512277089,0.0,4.9873154258597926e-27,241530.0,500,240,241680,-5.776626054061208,-16.66061373327321,13.998901261919826,0.464,0.5303956995235592
validation,1,bt_imbalance_close,87824,0.06699872838506615,6.410985356910934e-88,0.0866575311194455,5.52424548662602e-146,6.218508499815474e-05,0.6218508499815474,6.410985356911192e-88,19.99297564377878,6.339989318243138e-89,0.004488829605215794,1,6.218508499815474e-05,6.218508499815474e-05,6.218508499815474e-05,1.0,6.410985356911192e-88,87824.0,500,240,87840,6.191211702185186e-05,5.561398393146512e-05,6.827990555294664e-05,0.0,7.607987181891765e-88
validation,1,bt_imbalance_twap,87824,0.012591979228600468,0.00019016001451751554,0.019586632487706576,6.436787687574034e-09,2.5259613045282852e-05,0.2525961304528285,0.00019016001451751348,5.205180160113765,1.938084855428616e-07,0.0001585579408931448,1,2.5259613045282852e-05,2.5259613045282852e-05,2.5259613045282852e-05,1.0,0.00019016001451751348,87824.0,500,240,87840,2.52229758610106e-05,1.6185381400307995e-05,3.4624293670301414e-05,0.0,5.814254566285848e-07
validation,1,bt_microprice_premium_close,87824,0.07261480319921924,5.573679413911369e-103,0.08489248362485369,3.7013371598988053e-140,24.889515839700305,248895.15839700305,5.573679413912339e-103,3.5079960068943055,0.0004514958267509133,0.005272909643661561,1,24.889515839700305,24.889515839700305,24.889515839700305,1.0,5.573679413912339e-103,87824.0,500,240,87840,24.157194443147546,10.46966707730691,44.890594136828724,0.004,0.0009029916535018266
development,5,bt_imbalance_close,241509,0.03178950961641396,4.814867831187544e-55,0.0531500222799078,1.3438412956492218e-150,6.088466077955329e-05,0.6088466077955329,4.8148678311897816e-55,13.883268549864617,8.001051300852791e-44,0.0010105729216525194,5,5.8907638496078346e-05,5.1874809731477024e-05,7.124682006119502e-05,1.0,2.0817043465146648e-12,48302.0,500,240,241680,6.087186911638963e-05,5.1690258059984685e-05,7.00246937707006e-05,0.0,3.2004205203411167e-43
development,5,bt_imbalance_twap,241509,0.00649684283223137,0.0014090178756270384,0.004406248430955149,0.0303580704846399,2.2607859662481685e-05,0.22607859662481686,0.0014090178756271223,4.281366318517597,1.857492959825994e-05,4.220896678619468e-05,5,2.064189301078831e-05,1.4728882699761735e-06,5.252873288440401e-05,1.0,0.22552886357742383,48302.0,500,240,241680,2.2630003780183467e-05,1.1240114158062619e-05,3.363311967196058e-05,0.0,3.714985919651988e-05
development,5,bt_microprice_premium_close,241509,-0.011352393793253396,2.4173575025524288e-08,0.05277236486895736,1.7185583071883194e-148,-6.859592416907442,-68595.92416907442,2.417357502551929e-08,-0.6656243430357451,0.5056512428105673,0.00012887684483664508,5,-4.076094944366497,-17.275163579354277,14.109050500251398,0.2,0.0802701320313437,48302.0,500,240,241680,-4.861666288578935,-21.08721818161368,21.127817596242007,0.632,0.6362955997431532
validation,5,bt_imbalance_close,87814,0.029410815139714948,2.8518137115326242e-18,0.035852981101554195,2.214309998363585e-26,5.858979695776941e-05,0.5858979695776941,2.8518137115329698e-18,8.730917695388596,2.526144628372243e-18,0.0008649960471823759,5,5.678288898922875e-05,4.451891847013086e-05,7.055918104471238e-05,1.0,0.00021368813205392557,17563.0,500,240,87840,5.9347043137886275e-05,4.633155655543645e-05,7.18183226213284e-05,0.0,1.5156867770233458e-17
validation,5,bt_imbalance_twap,87814,-0.0012531987292295596,0.7103689740609791,-0.002024081982075599,0.5486415767204189,-5.395753420553578e-06,-0.05395753420553578,0.7103689740609576,-0.4419450120614889,0.6585289974007622,1.5705070551819134e-06,5,-4.5211356025152095e-06,-2.38515148878777e-05,2.30002908709871e-05,0.4,0.48599651874456185,17563.0,500,240,87840,-4.915777562856905e-06,-3.033423961960495e-05,1.7727082314136452e-05,0.68,0.6585289974007622
validation,5,bt_microprice_premium_close,87814,0.030561825454672217,1.322529218725284e-19,0.03503206846067291,2.9248389343679867e-25,22.482608565646906,224826.08565646905,1.3225292187253253e-19,2.450944930372694,0.014248175001261156,0.0009340251751218664,5,24.74445521288483,9.88420041359828,40.88313294031905,1.0,4.155823789942673e-06,17563.0,500,240,87840,22.65142920643412,4.422841886282487,46.65153336960719,0.024,0.024425442859304838
development,10,bt_imbalance_close,241489,0.020060481777491534,6.268996921373951e-23,0.03645787451443872,7.96748331521339e-72,5.254582009038583e-05,0.5254582009038583,6.268996921377225e-23,8.302817595581734,1.016709084493805e-16,0.00040242292914549616,10,5.419700132575475e-05,3.29323600309799e-05,8.037307521821341e-05,1.0,0.001158522250224257,24149.0,500,240,241680,5.2608189639495806e-05,3.7811289317413344e-05,6.4204497709919e-05,0.0,3.050127253481415e-16
development,10,bt_imbalance_twap,241489,0.005294928731444215,0.009267812934031176,0.0033815309490594263,0.09656648087252724,2.519907708585986e-05,0.25199077085859856,0.009267812934032818,3.2225317037611365,0.0012706310327115198,2.803627027081479e-05,10,3.0738190699221553e-05,-4.835058420391199e-06,4.108004267802148e-05,0.9,0.32935350548248565,24149.0,500,240,241680,2.5796919199033632e-05,9.875527239377602e-06,4.2573135137590375e-05,0.004,0.002178224627505463
development,10,bt_microprice_premium_close,241489,-0.00823887799184852,5.149004729040264e-05,0.035782138736065575,2.9683879952144385e-69,-6.8082706488681985,-68082.70648868199,5.149004729040417e-05,-0.6276300277063774,0.5302463331192944,6.787911056416185e-05,10,3.521259540155844,-36.876884347524886,37.10719684983167,0.6,0.030351988375649477,24149.0,500,240,241680,-5.96921293873664,-23.131997778105813,22.524350609169023,0.632,0.6362955997431532
validation,10,bt_imbalance_close,87810,0.02410008845121305,9.16784666262769e-13,0.026657184867939228,2.776778546165455e-15,6.647067425734244e-05,0.6647067425734244,9.167846662627232e-13,7.165626184161712,7.743179677377145e-13,0.0005808142633562108,10,6.646268070468209e-05,4.078985065011099e-05,9.97737483414119e-05,1.0,0.023107051922863393,8780.0,500,240,87840,6.694459174936622e-05,4.8279712114882364e-05,8.653632887868022e-05,0.0,3.097271870950858e-12
validation,10,bt_imbalance_twap,87810,0.0058210021466708305,0.08454311712175973,0.0054675905063220195,0.10519220159305931,3.469952042241911e-05,0.3469952042241911,0.08454311712176456,1.8884572983043224,0.05896458537170049,3.3884065991252044e-05,10,3.493289144999843e-05,-2.5032507513666407e-05,8.87046994842583e-05,0.8,0.5603913692684938,8780.0,500,240,87840,3.543123045973124e-05,5.537104293694625e-07,6.580378620702901e-05,0.044,0.08844687805755073
validation,10,bt_microprice_premium_close,87810,0.01394295008195353,3.598993172968791e-05,0.025412085334085694,5.019561383074835e-14,14.200908345362835,142009.08345362835,3.598993172968256e-05,1.485963911435584,0.13728866691527375,0.00019440585698748958,10,12.536812475908153,-14.263811471587074,68.47998335563287,0.9,0.290150858493602,8780.0,500,240,87840,14.587980546980404,-5.656011953920548,43.88452600834985,0.172,0.18305155588703168
development,30,bt_imbalance_close,241420,0.011604858956385466,1.1830359190893371e-08,0.0201239528503337,4.657817518382887e-23,5.0595293787234624e-05,0.5059529378723462,1.1830359190894971e-08,5.051694984362485,4.3790659626125966e-07,0.0001346727513974466,30,6.406194857552636e-05,-6.604279609471993e-05,0.00014080381178159835,0.7666666666666667,0.16421040603130377,8047.0,500,240,241440,5.091397419715778e-05,3.206702349304302e-05,6.896688285342187e-05,0.0,1.0509758310270232e-06
development,30,bt_imbalance_twap,241420,0.0007170796957135643,0.7245894343955777,-0.004289591820345013,0.035059658885223055,5.680588813906422e-06,0.056805888139064224,0.7245894343956154,0.35128151794818113,0.7253771590892486,5.142032895033566e-07,30,1.733835858247519e-05,-0.00013428296761885716,0.00011547393446344517,0.6,0.623694851177533,8047.0,500,240,241440,5.5149536683330015e-06,-2.4757433536662987e-05,3.750513264341629e-05,0.704,0.7913205371882713
development,30,bt_microprice_premium_close,241420,0.003102153043369714,0.1274529021993593,0.01964398825437003,4.780421689571648e-22,4.266374473343794,42663.74473343794,0.1274529021993616,0.2625293893912107,0.7929133302480708,9.623353504184529e-06,30,16.096464227938192,-173.10915014659872,326.4969432546675,0.6,0.08486312774749244,8047.0,500,240,241440,6.309058547221369,-17.85398161886497,47.35017473009177,0.772,0.7929133302480708
validation,30,bt_imbalance_close,87784,0.013262632885246865,8.508087854615802e-05,0.011154540142426752,0.0009498873866874055,6.098894636506966e-05,0.6098894636506966,8.508087854614716e-05,3.846335122741961,0.00011989774713187211,0.00017589743104917677,30,6.6055816745068e-05,-0.0001270360920134936,0.0001760938415646781,0.7666666666666667,0.3196097421969979,2927.0,500,240,87840,6.254843927248351e-05,3.035302630424026e-05,9.039389669783702e-05,0.0,0.0002877545931164931
validation,30,bt_imbalance_twap,87784,0.00437897908627156,0.19449096428840845,0.0063470275454188055,0.06003824592661347,4.35183943625804e-05,0.435183943625804,0.19449096428841206,1.2349463364818565,0.21685047676670077,1.9175457838582766e-05,30,5.519402678968443e-05,-0.00018412066280928296,0.0003031180595063947,0.6333333333333333,0.6064839399845634,2927.0,500,240,87840,4.2527010877154024e-05,-3.357094963734088e-05,0.0001165984843055335,0.284,0.2365641564727645
validation,30,bt_microprice_premium_close,87784,0.009476202915815442,0.004990179519393018,0.010326927998747478,0.0022153076116209736,16.089583121873652,160895.8312187365,0.004990179519393418,1.4202036754845808,0.15554839393795575,8.979842170220298e-05,30,27.27601029504146,-75.38363503664866,195.19817974746604,0.6333333333333333,0.2525760011428818,2927.0,500,240,87840,16.300444352101362,-15.373212112144127,42.535598362276914,0.3,0.1866580727255469
