feature,standardized_logit_coef,abs_coef
bt_imbalance_close,0.04924085356877858,0.04924085356877858
tfi_10m,-0.03994762366455509,0.03994762366455509
bt_imbalance_twap,0.03866791649598572,0.03866791649598572
log_quote_volume,-0.037889799811597236,0.037889799811597236
log_num_trades,0.034868166468172236,0.034868166468172236
tfi_1m,-0.03134600485784704,0.03134600485784704
tfi_5m,-0.030050059173569,0.030050059173569
imbalance_close_minus_twap,0.029733245863174714,0.029733245863174714
log_depth_close,-0.022672493098051673,0.022672493098051673
tfi5_x_book_imbalance,0.004993167549637453,0.004993167549637453
bt_spread_bps_close,-0.0023765256246305435,0.0023765256246305435
bt_spread_bps_twap,0.001233545003471625,0.001233545003471625
log_update_rate,0.00040114376063258493,0.00040114376063258493
